,name,ndcg,recip_rank
0,original_BM25,0.12557867373982284,0.07424534222682916
1,original_PL2,0.1048188521065727,0.05571876052285637
2,original_TF_IDF,0.12576903063126124,0.07383664022191548
