,name,ndcg,recip_rank
2,original_TF_IDF,0.12576903063126124,0.07383664022191548
