,name,ndcg,recip_rank
1,original_PL2,0.1048188521065727,0.05571876052285637
