,name,ndcg,recip_rank
0,original_BM25,0.12557867373982284,0.07424534222682916
