,name,ndcg_cut_10,ndcg_cut_1000,recall_1000,P_10
0,llama_train_all-mpnet-base-v2_reranked,0.0,0.04014063810887195,0.34265734265734266,0.0
1,llama_train_multi-qa-mpnet-base-dot-v1_reranked,0.0,0.036754106157889786,0.32867132867132864,0.0
2,llama_train_all-distilroberta-v1_reranked,0.0,0.03478563051814104,0.3076923076923077,0.0
3,llama_train_dense_fused,0.0,0.03481868086431313,0.3146853146853147,0.0
