,name,ndcg_cut_10,ndcg_cut_1000,recall_1000,P_10
0,mistral_train_all-mpnet-base-v2_reranked,0.0022060480894106906,0.05364220768302485,0.44755244755244755,0.0006993006993006993
1,mistral_train_multi-qa-mpnet-base-dot-v1_reranked,0.0,0.046520152536340995,0.3986013986013986,0.0
2,mistral_train_all-distilroberta-v1_reranked,0.0,0.04424287025715046,0.3916083916083916,0.0
3,mistral_train_dense_fused,0.0,0.042970299825062515,0.3706293706293706,0.0
