{
  "map": 0.029401288509416916,
  "recip_rank": 0.029401288509416916,
  "ndcg_cut_10": 0.0341144886150742
}