,name,ndcg,recip_rank
0,llama,0.12156964806086652,0.06840374149291381
