,name,ndcg,recip_rank,success_5,success_10,success_20
0,BM25_summarized,0.09601976366199588,0.05329695982922188,0.06993006993006994,0.08391608391608392,0.11188811188811189
1,PL2_summarized,0.07261754441105939,0.03379880084727492,0.03496503496503497,0.06993006993006994,0.07692307692307693
2,TF_IDF_summarized,0.0934186340717813,0.05140239830248362,0.07692307692307693,0.07692307692307693,0.11188811188811189
