P@1,R@1,NDCG@1,P@3,R@3,NDCG@3,P@5,R@5,NDCG@5,P@10,R@10,NDCG@10,P@20,R@20,NDCG@20,Method
0.027972027972027972,0.027972027972027972,0.027972027972027972,0.011655011655011654,0.03496503496503497,0.032384124150849354,0.01818181818181818,0.09090909090909091,0.05555853822127306,0.012587412587412588,0.1258741258741259,0.06728355543190827,0.008741258741258742,0.17482517482517482,0.07925132975626017,RRF
0.43356643356643354,0.43356643356643354,0.43356643356643354,0.1445221445221445,0.43356643356643354,0.43356643356643354,0.08671328671328672,0.43356643356643354,0.43356643356643354,0.04335664335664336,0.43356643356643354,0.43356643356643354,0.02167832167832168,0.43356643356643354,0.43356643356643354,LTR
