,name,ndcg,recip_rank,success_5,success_10,success_20
0,BM25_rewritten_qwen,0.10868338606570632,0.0664264751751654,0.06993006993006994,0.0979020979020979,0.1048951048951049
1,PL2_rewritten_qwen,0.08110875479485061,0.03671628364112579,0.06293706293706294,0.06293706293706294,0.08391608391608392
2,TF_IDF_rewritten_qwen,0.10731545370950434,0.06549996271822321,0.06293706293706294,0.07692307692307693,0.1048951048951049
