{
  "ndcg_cut_10": 0.0136351622782031,
  "recip_rank": 0.01895918962347708,
  "map": 0.01895918962347708
}