,name,ndcg,recip_rank,success_5,success_10,success_20
0,BM25_rewritten_mistral,0.10397317097887902,0.05375834704884359,0.07692307692307693,0.09090909090909091,0.11188811188811189
1,PL2_rewritten_mistral,0.08477819113245617,0.03526444573646234,0.04195804195804196,0.06293706293706294,0.0979020979020979
2,TF_IDF_rewritten_mistral,0.09863240433290762,0.050348001863308844,0.06293706293706294,0.0979020979020979,0.1258741258741259
