,name,ndcg,recip_rank,success_5,success_10,success_20
0,BM25_original,0.08973153648375713,0.04146887728526784,0.04895104895104895,0.06993006993006994,0.0979020979020979
1,PL2_original,0.07614293317002768,0.03002184597890814,0.04895104895104895,0.055944055944055944,0.07692307692307693
2,TF_IDF_original,0.08367817295338416,0.03532140851205473,0.04895104895104895,0.06993006993006994,0.09090909090909091
