{
  "ltr_results": {
    "run_name": "LTR Fusion",
    "MAP": 0.43356643356643354,
    "MRR": 0.43356643356643354,
    "NDCG@10": 0.43356643356643354,
    "num_queries": 143
  },
  "colbert_results": {
    "run_name": "Fixed ColBERT",
    "MAP": 0.04525038092660035,
    "MRR": 0.04525038092660035,
    "NDCG@10": 0.050118378230178035,
    "num_queries": 143
  },
  "improvements": {
    "MAP": -89.56321859273572,
    "MRR": -89.56321859273572,
    "NDCG@10": -88.44043856949119
  }
}