{
  "map": 0.04525038092660035,
  "recip_rank": 0.04525038092660035,
  "ndcg_cut_10": 0.050118378230178035
}