,name,ndcg_cut_10,ndcg_cut_1000,recall_1000,P_10
0,llama,0.07332131867984928,0.12018750261508235,0.4195804195804196,0.010489510489510492
