,name,ndcg_cut_10,ndcg_cut_1000,recall_1000,P_10
0,mistral,0.08120897048961506,0.14096663885027114,0.5384615384615384,0.01258741258741259
