,name,ndcg_cut_10,ndcg_cut_1000,recall_1000,P_10
0,qwen,0.08235473846151516,0.12991534716594785,0.44755244755244755,0.011888111888111891
