,name,ndcg_cut_10,ndcg_cut_1000,recall_1000,P_10
0,summarized,0.0699601644519199,0.13192632291113368,0.5034965034965035,0.010489510489510492
