,name,ndcg_cut_10,ndcg_cut_1000,recall_1000,P_10
0,mistral_BM25,0.0904224625547055,0.15172159662078752,0.5524475524475524,0.01328671328671329
1,mistral_PL2,0.06637899981801845,0.12611719159591342,0.5104895104895105,0.009790209790209791
2,mistral_TF_IDF,0.08789476093834317,0.14642667264869164,0.5314685314685315,0.01328671328671329
