,name,ndcg_cut_10,ndcg_cut_1000,recall_1000,P_10
0,qwen_BM25,0.08890610968139347,0.13727147473274315,0.45454545454545453,0.01258741258741259
1,qwen_PL2,0.052053726554563036,0.1002186503035213,0.42657342657342656,0.00909090909090909
2,qwen_TF_IDF,0.08422134237311638,0.1342249485185499,0.4405594405594406,0.01118881118881119
