,name,ndcg_cut_10,ndcg_cut_1000,recall_1000,P_10
0,llama_BM25,0.07954425302726904,0.12548151706876928,0.4195804195804196,0.01118881118881119
1,llama_PL2,0.05876488543797989,0.1046346260305309,0.3986013986013986,0.008391608391608392
2,llama_TF_IDF,0.07934301427918372,0.12572173688046612,0.42657342657342656,0.01118881118881119
