,name,ndcg_cut_10,ndcg_cut_1000,recall_1000,P_10
0,summarized_BM25,0.07970337744513452,0.13939202841352252,0.5034965034965035,0.011888111888111891
1,summarized_PL2,0.053927238403207435,0.11074551526493029,0.45454545454545453,0.008391608391608392
2,summarized_TF_IDF,0.07560434349891533,0.137271334655409,0.4965034965034965,0.010489510489510492
