,name,ndcg_cut_10,ndcg_cut_1000,recall_1000,P_10
2,llama_TF_IDF,0.07934301427918372,0.12572173688046612,0.42657342657342656,0.01118881118881119
