,name,ndcg_cut_10,ndcg_cut_1000,recall_1000,P_10
0,llama_BM25,0.07954425302726904,0.12548151706876928,0.4195804195804196,0.01118881118881119
