,name,ndcg_cut_10,ndcg_cut_1000,recall_1000,P_10
1,mistral_PL2,0.06637899981801845,0.12611719159591342,0.5104895104895105,0.009790209790209791
