,name,ndcg_cut_10,ndcg_cut_1000,recall_1000,P_10
2,mistral_TF_IDF,0.08789476093834317,0.14642667264869164,0.5314685314685315,0.01328671328671329
