,name,ndcg_cut_10,ndcg_cut_1000,recall_1000,P_10
0,mistral_BM25,0.0904224625547055,0.15172159662078752,0.5524475524475524,0.01328671328671329
