,name,ndcg_cut_10,ndcg_cut_1000,recall_1000,P_10
1,original_PL2,0.05876488543797989,0.1046346260305309,0.3986013986013986,0.008391608391608392
