,name,ndcg_cut_10,ndcg_cut_1000,recall_1000,P_10
1,qwen_PL2,0.052053726554563036,0.1002186503035213,0.42657342657342656,0.00909090909090909
