,name,ndcg_cut_10,ndcg_cut_1000,recall_1000,P_10
0,qwen_BM25,0.08890610968139347,0.13727147473274315,0.45454545454545453,0.01258741258741259
