,name,ndcg_cut_10,ndcg_cut_1000,recall_1000,P_10
2,qwen_TF_IDF,0.08422134237311638,0.1342249485185499,0.4405594405594406,0.01118881118881119
