,name,ndcg_cut_10,ndcg_cut_1000,recall_1000,P_10
0,summarized_BM25,0.07970337744513452,0.13939202841352252,0.5034965034965035,0.011888111888111891
