,name,ndcg_cut_10,ndcg_cut_1000,recall_1000,P_10
1,summarized_PL2,0.053927238403207435,0.11074551526493029,0.45454545454545453,0.008391608391608392
