,name,ndcg_cut_10,ndcg_cut_1000,recall_1000,P_10
2,summarized_TF_IDF,0.07560434349891533,0.137271334655409,0.4965034965034965,0.010489510489510492
