,name,ndcg,recip_rank,success_5,success_10,success_20
0,BM25_rewritten_llama,0.08986836368259915,0.0489506103119029,0.04895104895104895,0.07692307692307693,0.11188811188811189
1,PL2_rewritten_llama,0.08169631275742835,0.04417871617979989,0.04895104895104895,0.06293706293706294,0.09090909090909091
2,TF_IDF_rewritten_llama,0.09049293196429277,0.04903253116040225,0.04895104895104895,0.08391608391608392,0.11188811188811189
